company,category,priority,official_home,career_url,career_verification,focus,aliases,notes
中国建设银行,银行,A,https://www.ccb.com/,https://job.ccb.com/,verified_seed,海南/海口,建行,2027官方公告明确job.ccb.com为官网报名入口
中国工商银行,银行,A,https://www.icbc.com.cn/,https://job.icbc.com.cn/,verified_seed,海南/河北,工行,
中国农业银行,银行,A,https://www.abchina.com/,https://career.abchina.com/,verified_seed,海南,农行,
交通银行,银行,A,https://www.bankcomm.com/,https://job.bankcomm.com/,verified_seed,海南/海口,交行,
中国邮政储蓄银行,银行,A,https://www.psbc.com/,https://psbc2027.zhaopin.com/,official-linked,海南/海口,邮储,2027校招项目入口；需持续核验年度链接
国家开发银行,银行,A,https://www.cdb.com.cn/,,,海南/海口,国开行,
中国银行,银行,B,https://www.boc.cn/,,,海南,中行,
招商银行,银行,B,https://www.cmbchina.com/,,,海口,招行,
中国电力建设集团有限公司,工程央企,A,https://www.powerchina.cn/,https://zhaopin.powerchina.cn/,verified_seed,海南/海口,中国电建|电建,
中国建筑集团有限公司,工程央企,A,https://www.cscec.com/,https://recruit.cscec.com/,verified_seed,海南/海口,中国建筑|中建,
中国中铁股份有限公司,工程央企,A,https://www.crec.cn/,,,海南/海口,中国中铁|中铁,
中国铁建股份有限公司,工程央企,A,https://www.crcc.cn/,,,海南/海口,中国铁建|中铁建,
中国交通建设集团有限公司,工程央企,A,https://www.ccccltd.cn/,,,海南/海口,中国交建|中交,
中国市政工程中南设计研究总院有限公司,设计院,A,https://www.znszy.citic/,,,海口,市政中南院|中南设计院,
中国电建集团海南电力设计研究院有限公司,设计院,A,,,,海口,海南电力设计院|海南院,
中国电建集团华中电力设计研究院有限公司,设计院,A,,,,海口,华中电力设计院|华中院,重点关注海南院结构岗
中国能源建设集团广东省电力设计研究院有限公司,设计院,B,https://www.gedi.com.cn/,,,海南/华南,广东院,
中国石油天然气集团有限公司,能源央企,A,https://www.cnpc.com.cn/,https://zhaopin.cnpc.com.cn/,verified_seed,海南,中国石油|中石油,
中国石油化工集团有限公司,能源央企,A,https://www.sinopecgroup.com/,https://job.sinopec.com/,verified_seed,海南,中国石化|中石化,中石化所属企业官网亦明确统一由job.sinopec.com招聘
中国海洋石油集团有限公司,能源央企,A,https://www.cnooc.com.cn/,,,海南,中国海油|中海油,
国家电网有限公司,电力央企,A,https://www.sgcc.com.cn/,https://zhaopin.sgcc.com.cn/,verified_seed,海南以外备选,国家电网,
中国南方电网有限责任公司,电力央企,A,https://www.csg.cn/,https://zhaopin.csg.cn/,verified_seed,海南/海口,南方电网,招聘站显示南方电网版权所有
中国华能集团有限公司,电力央企,A,https://www.chng.com.cn/,,,海南,华能,
中国大唐集团有限公司,电力央企,A,https://www.china-cdt.com/,,,海南,大唐,
国家能源投资集团有限责任公司,电力央企,A,https://www.chnenergy.com.cn/,,,海南,国家能源集团|国能,
国家电力投资集团有限公司,电力央企,A,https://www.spic.com.cn/,,,海南,国家电投,
中国广核集团有限公司,核电新能源,A,https://www.cgnpc.com.cn/,,,海南/华南,中广核|CGN,
中国核工业集团有限公司,核电央企,B,https://www.cnnc.com.cn/,,,海南/华南,中核,
中国长江三峡集团有限公司,新能源央企,B,https://www.ctg.com.cn/,,,海南/华南,三峡集团,
中电建新能源集团股份有限公司,新能源央企,A,,,,海口/万宁,电建新能源|南方分公司,
中国移动通信集团有限公司,通信央企,B,https://www.10086.cn/,https://job.10086.cn/,verified_seed,海南/海口,中国移动|移动,
中国电信集团有限公司,通信央企,B,https://www.chinatelecom.com.cn/,https://job.chinatelecom.com.cn/,verified_seed,海南/海口,中国电信|电信,
中国联合网络通信集团有限公司,通信央企,B,https://www.chinaunicom.com.cn/,,,海南/海口,中国联通|联通,
中海企业发展集团有限公司,地产央企,A,https://www.coli.com.hk/,https://coli688.zhiye.com/campus/jobs,official-linked,海口,中海地产|中海,2027海之子岗位入口
保利发展控股集团股份有限公司,地产央企,A,https://www.polycn.com/,,,海口/海南,保利发展|保利,
招商局蛇口工业区控股股份有限公司,地产央企,A,https://www.cmsk1979.com/,,,海口,招商蛇口,
华润置地有限公司,地产央企,B,https://www.crland.com.hk/,,,海口/海南,华润置地,
海南省发展控股有限公司,海南省属国企,A,https://www.hnhold.cn/,,,海口,海南控股|海控,
海南海控城市综合运营集团有限公司,海南省属国企,A,https://www.hnhold.cn/,,,海口,海控城运,
海南机场设施股份有限公司,海南省属国企,A,https://www.hnairport.net/,,,海口,海南机场,
海南省水务集团有限公司,海南省属国企,A,,,,海口/海南,海南水务|海南水发,
海南高速公路股份有限公司,海南省属国企,B,https://www.hi-expressway.com/,,,海口,海南高速,
海南港航控股有限公司,海南省属国企,B,,,,海口,海南港航,
海南省路桥投资建设集团有限公司,海南省属国企,A,,,,海口/海南,海南路桥,
海南能源交易大厦投资开发有限公司,海南省属国企,B,,,,海口,海南能源,
海南海钢集团有限公司,海南省属国企,B,,,,海口/海南,海南海钢,
中国储备粮管理集团有限公司,粮食央企,B,https://www.sinograin.com.cn/,,,海南,中储粮,
中国邮政集团有限公司,央企,B,https://www.chinapost.com.cn/,,,海南/海口,中国邮政|邮政,
中国旅游集团有限公司,央企,B,https://www.ctg.cn/,,,海南/海口,中国旅游集团|中旅,
中国免税品（集团）有限责任公司,央企子公司,B,https://www.cdfg.com.cn/,,,海口/三亚,中免|cdf,
浙江省交通投资集团有限公司,省属国企,C,https://www.cncico.com/,,,浙江,浙江交投,
广东省建筑设计研究院集团股份有限公司,设计院,B,https://www.gdadri.com/,,,广东,广东省建院,
中铁华铁工程设计集团有限公司,设计院/监理,B,https://www.crht.com/,,,海口/项目所在地,中铁华铁,
